model,threshold,brand_loyal_users_n,non_brand_loyal_users_n,brand_loyal_avg_diversity@10,non_brand_loyal_avg_diversity@10,brand_diversity_gap_loyal_minus_non_loyal@10,p_value
Baseline-SGL,0.2,6349,4066,0.5426208851787683,0.6715691096901132,-0.1289482245113449,9.822520702638061e-179
Baseline-SGL,0.3,3269,7146,0.4732945855001529,0.6477050097956899,-0.174410424295537,7.783372629460382e-237
Baseline-SGL,0.4,1937,8478,0.4105317501290655,0.6346426043878273,-0.22411085425876176,6.75987441603945e-247
Baseline-SGL,0.5,1253,9162,0.34253790901835596,0.6272102161100196,-0.28467230709166363,1.4747504206065034e-250
