model,user_group,count,mean,std,median,min,max,sem
Baseline-SGL,brand-loyal,1253,0.34253790901835596,0.23206038077822377,0.3,0.0,1.0,0.0065557965144210344
Baseline-SGL,non-brand-loyal,9162,0.6272102161100196,0.21798976719332816,0.7,0.0,1.0,0.002277408639537205
