tail_bucket,recommendation_count,recommendation_share
1,210710,0.9983417037809154
2,317,0.0015019425755709278
3,33,0.0001563536435136928
