model,threshold,brand_loyal_users_n,non_brand_loyal_users_n,brand_loyal_avg_diversity@20,non_brand_loyal_avg_diversity@20,brand_diversity_gap_loyal_minus_non_loyal@20,p_value
Baseline-LightGCN,0.2,6349,4066,0.5216569538510002,0.621089522872602,-0.0994325690216018,1.968167047673981e-175
Baseline-LightGCN,0.3,3269,7146,0.46609054756806356,0.6036523929471033,-0.1375618453790397,4.269413816538271e-206
Baseline-LightGCN,0.4,1937,8478,0.41765616933402167,0.5931056853031376,-0.1754495159691159,3.7660121546760585e-184
Baseline-LightGCN,0.5,1253,9162,0.3579808459696727,0.5881685221567343,-0.2301876761870616,2.7581208784259057e-181
