model,user_group,count,mean,std,median,min,max,sem
Baseline-LightGCN,brand-loyal,1253,0.3579808459696728,0.23605718891391958,0.4,0.05,0.9,0.006668707907382357
Baseline-LightGCN,non-brand-loyal,9162,0.5881685221567343,0.16455424428588172,0.6,0.05,1.0,0.0017191506850723988
