model,user_group,count,mean,std,median,min,max,sem
LLMInit-var-ContSGL,brand-loyal,1253,0.36233040702314445,0.2573240197249182,0.3,0.0,1.0,0.007269504195124248
LLMInit-var-ContSGL,non-brand-loyal,9162,0.6552826893691334,0.20319716067875257,0.7,0.0,1.0,0.0021228655602389406
