model,threshold,brand_loyal_users_n,non_brand_loyal_users_n,brand_loyal_avg_diversity@10,non_brand_loyal_avg_diversity@10,brand_diversity_gap_loyal_minus_non_loyal@10,p_value
LLMInit-var-ContSGL,0.2,6349,4066,0.5686564813356434,0.7002705361534678,-0.1316140548178244,3.8717262847982193e-209
LLMInit-var-ContSGL,0.3,3269,7146,0.4940348730498623,0.6776798208788133,-0.18364494782895097,3.810194978271362e-254
LLMInit-var-ContSGL,0.4,1937,8478,0.4326277749096541,0.6628568058504364,-0.2302290309407823,1.2408675195141999e-234
LLMInit-var-ContSGL,0.5,1253,9162,0.36233040702314445,0.6552826893691334,-0.2929522823459889,1.6641329758895533e-226
