model,user_group,count,mean,std,median,min,max,sem
Baseline-SGCL,brand-loyal,1253,0.3284916201117319,0.2341677690441499,0.3,0.0,1.0,0.006615331057120478
Baseline-SGCL,non-brand-loyal,9162,0.6462562759222877,0.21465685847031707,0.7,0.0,1.0,0.0022425886788651856
