model,threshold,brand_loyal_users_n,non_brand_loyal_users_n,brand_loyal_avg_diversity@10,non_brand_loyal_avg_diversity@10,brand_diversity_gap_loyal_minus_non_loyal@10,p_value
Baseline-SGCL,0.2,6349,4066,0.5493621042683887,0.6996310870634531,-0.1502689827950644,2.991076054128283e-247
Baseline-SGCL,0.3,3269,7146,0.46638115631691646,0.6728239574587181,-0.2064428011418017,0.0
Baseline-SGCL,0.4,1937,8478,0.40268456375838924,0.6549422033498467,-0.2522576395914574,6.356657295547742e-290
Baseline-SGCL,0.5,1253,9162,0.3284916201117319,0.6462562759222877,-0.31776465581055585,5.9342878602979204e-288
