model,user_group,count,mean,std,median,min,max,sem
LLMInit-var-ContGCN,brand-loyal,1253,0.3234237829209896,0.21638182877426956,0.3,0.0,0.85,0.006112871288520788
LLMInit-var-ContGCN,non-brand-loyal,9162,0.5853580004365859,0.16904874438525247,0.6,0.0,1.0,0.0017661061614165244
