model,threshold,brand_loyal_users_n,non_brand_loyal_users_n,brand_loyal_avg_diversity@20,non_brand_loyal_avg_diversity@20,brand_diversity_gap_loyal_minus_non_loyal@20,p_value
LLMInit-var-ContGCN,0.2,6349,4066,0.5058276893999055,0.6288243974422036,-0.12299670804229812,3.0250641970626526e-258
LLMInit-var-ContGCN,0.3,3269,7146,0.437488528602019,0.6070738874895045,-0.16958535888748555,5.346688612788217e-303
LLMInit-var-ContGCN,0.4,1937,8478,0.38569953536396484,0.5922623260202878,-0.206562790656323,4.97410307129333e-258
LLMInit-var-ContGCN,0.5,1253,9162,0.3234237829209896,0.5853580004365859,-0.2619342175155963,5.991355243442826e-247
