model,user_group,count,mean,std,median,min,max,sem
LLMInit-var-ContSGCL,brand-loyal,1253,0.3770949720670391,0.24785441223266155,0.4,0.0,1.0,0.007001984079960768
LLMInit-var-ContSGCL,non-brand-loyal,9162,0.6349487011569526,0.20455180114205238,0.7,0.0,1.0,0.0021370179213075664
