model,threshold,brand_loyal_users_n,non_brand_loyal_users_n,brand_loyal_avg_diversity@10,non_brand_loyal_avg_diversity@10,brand_diversity_gap_loyal_minus_non_loyal@10,p_value
LLMInit-var-ContSGCL,0.2,6349,4066,0.5628130414238462,0.6681259222823415,-0.10531288085849522,9.106353106384618e-133
LLMInit-var-ContSGCL,0.3,3269,7146,0.5005812174977058,0.6512034704729919,-0.1506222529752861,8.501200488230234e-188
LLMInit-var-ContSGCL,0.4,1937,8478,0.44594734124935465,0.6400212314225052,-0.19407389017315058,1.1578024666476962e-188
LLMInit-var-ContSGCL,0.5,1253,9162,0.3770949720670391,0.6349487011569526,-0.25785372908991344,2.276849776004058e-198
