model,user_group,count,mean,std,median,min,max,sem
LLMInit-var-ContSGCL,brand-loyal,1253,0.31424581005586594,0.21003805430823724,0.3,0.05,0.85,0.00593365717884287
LLMInit-var-ContSGCL,non-brand-loyal,9162,0.5481936258458852,0.17745044078688613,0.55,0.05,1.0,0.0018538813639785772
