model,threshold,brand_loyal_users_n,non_brand_loyal_users_n,brand_loyal_avg_diversity@20,non_brand_loyal_avg_diversity@20,brand_diversity_gap_loyal_minus_non_loyal@20,p_value
LLMInit-var-ContSGCL,0.2,6349,4066,0.4785005512679162,0.5849237579931137,-0.1064232067251975,1.0568284471617865e-179
LLMInit-var-ContSGCL,0.3,3269,7146,0.41996023248699904,0.5658340330254688,-0.1458738005384697,5.830097776108932e-235
LLMInit-var-ContSGCL,0.4,1937,8478,0.3725864739287558,0.5537390894078793,-0.18115261547912348,5.149445576170741e-217
LLMInit-var-ContSGCL,0.5,1253,9162,0.31424581005586594,0.548193625845885,-0.2339478157900191,4.6825552275331937e-219
