tail_bucket,recommendation_count,recommendation_share
1,210694,0.9982658959537573
2,332,0.001573012413531697
3,34,0.0001610916327110774
