model,user_group,count,mean,std,median,min,max,sem
LLMInit-var-ContGCN,brand-loyal,1253,0.3663208300079808,0.26251234418919556,0.3,0.0,1.0,0.007416076390362957
LLMInit-var-ContGCN,non-brand-loyal,9162,0.6674743505784763,0.20160564851889448,0.7,0.0,1.0,0.002106238524991112
