model,threshold,brand_loyal_users_n,non_brand_loyal_users_n,brand_loyal_avg_diversity@10,non_brand_loyal_avg_diversity@10,brand_diversity_gap_loyal_minus_non_loyal@10,p_value
LLMInit-var-ContGCN,0.2,6349,4066,0.5793038273743897,0.7123462862764388,-0.13304245890204913,1.993630618804943e-212
LLMInit-var-ContGCN,0.3,3269,7146,0.5021107372285103,0.6903162608452281,-0.18820552361671783,2.0039175123210413e-264
LLMInit-var-ContGCN,0.4,1937,8478,0.43995869901910173,0.6749469214437367,-0.23498822242463496,2.9238902250582654e-239
LLMInit-var-ContGCN,0.5,1253,9162,0.3663208300079808,0.6674743505784764,-0.30115352057049555,3.952252913665647e-229
