model,threshold,brand_loyal_users_n,non_brand_loyal_users_n,brand_loyal_avg_diversity@10,non_brand_loyal_avg_diversity@10,brand_diversity_gap_loyal_minus_non_loyal@10,p_value
Baseline-LightGCN,0.2,6349,4066,0.6012600409513309,0.7026315789473685,-0.1013715379960376,1.5897998580272993e-129
Baseline-LightGCN,0.3,3269,7146,0.5417558886509636,0.6861600895605933,-0.1444042009096297,1.753953293436552e-162
Baseline-LightGCN,0.4,1937,8478,0.4853381517811048,0.6763623496107573,-0.19102419782965246,2.1409691662109456e-157
Baseline-LightGCN,0.5,1253,9162,0.41157222665602555,0.6721894782798516,-0.2606172516238261,2.2140589138922953e-166
