model,user_group,count,mean,std,median,min,max,sem
Baseline-LightGCN,brand-loyal,1253,0.41157222665602555,0.28287405995728077,0.4,0.0,1.0,0.007991302824157429
Baseline-LightGCN,non-brand-loyal,9162,0.6721894782798516,0.19567250269760095,0.7,0.0,1.0,0.0020442530578427187
